VALUE,STAT_TYPE
0,USER_KEY_COMPARISON_COUNT
0,BLOCK_CACHE_HIT_COUNT
0,BLOCK_READ_COUNT
0,BLOCK_READ_BYTE
0,BLOCK_READ_TIME
0,BLOCK_CHECKSUM_TIME
0,BLOCK_DECOMPRESS_TIME
0,GET_READ_BYTES
0,MULTIGET_READ_BYTES
0,ITER_READ_BYTES
0,INTERNAL_KEY_SKIPPED_COUNT
0,INTERNAL_DELETE_SKIPPED_COUNT
0,INTERNAL_RECENT_SKIPPED_COUNT
0,INTERNAL_MERGE_COUNT
0,GET_SNAPSHOT_TIME
0,GET_FROM_MEMTABLE_TIME
0,GET_FROM_MEMTABLE_COUNT
0,GET_POST_PROCESS_TIME
0,GET_FROM_OUTPUT_FILES_TIME
0,SEEK_ON_MEMTABLE_TIME
0,SEEK_ON_MEMTABLE_COUNT
0,NEXT_ON_MEMTABLE_COUNT
0,PREV_ON_MEMTABLE_COUNT
0,SEEK_CHILD_SEEK_TIME
0,SEEK_CHILD_SEEK_COUNT
0,SEEK_MIN_HEAP_TIME
0,SEEK_MAX_HEAP_TIME
0,SEEK_INTERNAL_SEEK_TIME
0,FIND_NEXT_USER_ENTRY_TIME
0,WRITE_WAL_TIME
0,WRITE_MEMTABLE_TIME
0,WRITE_DELAY_TIME
0,WRITE_PRE_AND_POST_PROCESS_TIME
0,DB_MUTEX_LOCK_NANOS
0,DB_CONDITION_WAIT_NANOS
0,MERGE_OPERATOR_TIME_NANOS
0,READ_INDEX_BLOCK_NANOS
0,READ_FILTER_BLOCK_NANOS
0,NEW_TABLE_BLOCK_ITER_NANOS
0,NEW_TABLE_ITERATOR_NANOS
0,BLOCK_SEEK_NANOS
0,FIND_TABLE_NANOS
0,BLOOM_MEMTABLE_HIT_COUNT
0,BLOOM_MEMTABLE_MISS_COUNT
0,BLOOM_SST_HIT_COUNT
0,BLOOM_SST_MISS_COUNT
0,KEY_LOCK_WAIT_TIME
0,KEY_LOCK_WAIT_COUNT
0,IO_THREAD_POOL_ID
0,IO_BYTES_WRITTEN
0,IO_BYTES_READ
0,IO_OPEN_NANOS
0,IO_ALLOCATE_NANOS
0,IO_WRITE_NANOS
0,IO_READ_NANOS
0,IO_RANGE_SYNC_NANOS
0,IO_LOGGER_NANOS

